{"cameraMode":{"drawMode":0,"name":"Shaded","section":"Shading Mode"},"sceneLighting":true,"audioPlay":false,"sceneViewState":{"showFog":true,"showMaterialUpdate":true,"showSkybox":true,"showFlares":true,"showImageEffects":true,"showParticleSystems":true},"in2DMode":false,"pivot":{"x":1.4061393737792969,"y":-0.5416927337646484,"z":4.451263427734375},"rotation":{"x":-0.10976745933294296,"y":0.8790956735610962,"z":-0.24501048028469087,"w":-0.3938452899456024},"size":27.98259925842285,"orthographic":false}