{"cameraMode":{"drawMode":0,"name":"Shaded","section":"Shading Mode"},"sceneLighting":true,"audioPlay":false,"sceneViewState":{"showFog":true,"showMaterialUpdate":true,"showSkybox":true,"showFlares":true,"showImageEffects":true,"showParticleSystems":true},"in2DMode":false,"pivot":{"x":1.0242321491241456,"y":0.11013167351484299,"z":4.3062262535095219},"rotation":{"x":-0.10513961315155029,"y":0.881132960319519,"z":-0.2328062504529953,"w":-0.3979361653327942},"size":75.73767852783203,"orthographic":false}