{"cameraMode":{"drawMode":0,"name":"Shaded","section":"Shading Mode"},"sceneLighting":true,"audioPlay":false,"sceneViewState":{"showFog":true,"showMaterialUpdate":true,"showSkybox":true,"showFlares":true,"showImageEffects":true,"showParticleSystems":true},"in2DMode":false,"pivot":{"x":5.329999923706055,"y":0.5,"z":-0.18000000715255738},"rotation":{"x":-0.022627586498856546,"y":0.9536815285682678,"z":-0.29063522815704348,"w":-0.07424990087747574},"size":10.992874145507813,"orthographic":false}